{
  "decimalPlaces": 0,
  "renderMode": "default",
  "startCorner": "TOP_LEFT",
  "visibilityFilter": "always",
  "hudX": 0,
  "hudY": 28,
  "hudScale": 1.0,
  "hudTextShadow": true,
  "renderBackground": false,
  "renderXYZ": true,
  "renderChunkData": false,
  "renderDirection": true,
  "renderDirectionInt": false,
  "renderBiome": true,
  "biomeColors": true,
  "dimensionColors": true,
  "renderMCVersion": false,
  "renderDimension": false,
  "definitionColor": 5635925,
  "dataColor": 16777215,
  "deathPosColor": 5636095,
  "backgroundColor": 1079794780,
  "displayPosOnDeathScreen": true,
  "showDeathPosInChat": true,
  "padding": 5,
  "textPadding": 5,
  "posChatMessage": "{x} {y} {z}",
  "copyPosMessage": "{x}, {y}, {z}",
  "shouldRoundWhenCopying": true,
  "teleportMode": "EXECUTE"
}