{
  "enabled": true,
  "idle_time": 0,
  "uncap_menu_frame_rate": false,
  "states": {
    "hovered": {
      "frame_rate_target": 60,
      "volume_multipliers": {},
      "graphics_state": "default",
      "show_toasts": true,
      "run_garbage_collector": false
    },
    "unfocused": {
      "frame_rate_target": 60,
      "volume_multipliers": {
        "master": 0.25
      },
      "graphics_state": "default",
      "show_toasts": false,
      "run_garbage_collector": false
    },
    "invisible": {
      "frame_rate_target": 0,
      "volume_multipliers": {
        "master": 0.0
      },
      "graphics_state": "default",
      "show_toasts": false,
      "run_garbage_collector": false
    },
    "abandoned": {
      "frame_rate_target": 60,
      "volume_multipliers": {},
      "graphics_state": "default",
      "show_toasts": false,
      "run_garbage_collector": false
    }
  }
}
