{"weather.rain":{"sounds":[{"name":"ambient\/weather\/rain1","volume":0.05},{"name":"ambient\/weather\/rain2","volume":0.05},{"name":"ambient\/weather\/rain3","volume":0.05},{"name":"ambient\/weather\/rain4","volume":0.05},{"name":"ambient\/weather\/rain5","volume":0.05},{"name":"ambient\/weather\/rain6","volume":0.05},{"name":"ambient\/weather\/rain7","volume":0.05},{"name":"ambient\/weather\/rain8","volume":0.05}],"replace":true,"subtitle":"subtitles.weather.rain"},"weather.rain.above":{"sounds":[{"name":"ambient\/weather\/rain1","volume":0.05},{"name":"ambient\/weather\/rain2","volume":0.05},{"name":"ambient\/weather\/rain3","volume":0.05},{"name":"ambient\/weather\/rain4","volume":0.05}],"replace":true,"subtitle":"subtitles.weather.rain"},"ambient.cave":{"sounds":[],"replace":true},"item.flintandsteel.use":{"sounds":[{"name":"fire\/ignite","volume":0.05}],"replace":true,"subtitle":"subtitles.item.flintandsteel.use"},"entity.generic.extinguish_fire":{"sounds":[{"name":"random\/fizz","volume":0.05}],"replace":true,"subtitle":"subtitles.entity.generic.extinguish_fire"},"block.fire.extinguish":{"sounds":[{"name":"random\/fizz","volume":0.05}],"replace":true,"subtitle":"subtitles.block.fire.extinguish"},"entity.player.hurt_on_fire":{"sounds":[{"name":"entity\/player\/hurt\/fire_hurt1","volume":0.05},{"name":"entity\/player\/hurt\/fire_hurt2","volume":0.05},{"name":"entity\/player\/hurt\/fire_hurt3","volume":0.05}],"replace":true,"subtitle":"subtitles.entity.player.hurt_on_fire"},"block.fire.ambient":{"sounds":[{"name":"fire\/fire","volume":0.05}],"replace":true,"subtitle":"subtitles.block.fire.ambient"},"entity.minecart.inside":{"sounds":[{"name":"minecart\/inside","volume":0.05}],"replace":true},"entity.minecart.inside.underwater":{"sounds":[{"name":"minecart\/inside_underwater1","volume":0.05},{"name":"minecart\/inside_underwater2","volume":0.05},{"name":"minecart\/inside_underwater3","volume":0.05}],"replace":true},"entity.minecart.riding":{"sounds":[{"name":"minecart\/base","volume":0.05}],"replace":true,"subtitle":"subtitles.entity.minecart.riding"},"entity.lightning_bolt.thunder":{"sounds":[{"name":"ambient\/weather\/thunder1","volume":0.05},{"name":"ambient\/weather\/thunder2","volume":0.05},{"name":"ambient\/weather\/thunder3","volume":0.05}],"replace":true,"subtitle":"subtitles.entity.lightning_bolt.thunder"},"item.trident.thunder":{"sounds":[{"name":"item\/trident\/thunder1","volume":0.05},{"name":"item\/trident\/thunder2","volume":0.05}],"replace":true,"subtitle":"subtitles.item.trident.thunder"},"ambient.underwater.enter":{"sounds":[{"name":"ambient\/underwater\/enter1","volume":0.025},{"name":"ambient\/underwater\/enter2","volume":0.025},{"name":"ambient\/underwater\/enter3","volume":0.025}],"replace":true},"ambient.underwater.exit":{"sounds":[{"name":"ambient\/underwater\/exit1","volume":0.015},{"name":"ambient\/underwater\/exit2","volume":0.015},{"name":"ambient\/underwater\/exit3","volume":0.015}],"replace":true},"ambient.underwater.loop":{"sounds":[{"name":"ambient\/underwater\/underwater_ambience","stream":true,"volume":0.0325}],"replace":true},"ambient.underwater.loop.additions":{"sounds":[{"name":"ambient\/underwater\/additions\/bubbles1","volume":0.05},{"name":"ambient\/underwater\/additions\/bubbles2","volume":0.05},{"name":"ambient\/underwater\/additions\/bubbles3","volume":0.05},{"name":"ambient\/underwater\/additions\/bubbles4","volume":0.05},{"name":"ambient\/underwater\/additions\/bubbles5","volume":0.05},{"name":"ambient\/underwater\/additions\/bubbles6","volume":0.05},{"name":"ambient\/underwater\/additions\/water1","volume":0.05},{"name":"ambient\/underwater\/additions\/water2","volume":0.05}],"replace":true},"ambient.underwater.loop.additions.rare":{"sounds":[{"name":"ambient\/underwater\/additions\/animal1","volume":0.0225},{"name":"ambient\/underwater\/additions\/bass_whale1","volume":0.0225},{"name":"ambient\/underwater\/additions\/bass_whale2","volume":0.025},{"name":"ambient\/underwater\/additions\/crackles1","volume":0.035},{"name":"ambient\/underwater\/additions\/crackles2","volume":0.05},{"name":"ambient\/underwater\/additions\/driplets1","volume":0.025},{"name":"ambient\/underwater\/additions\/driplets2","volume":0.025},{"name":"ambient\/underwater\/additions\/earth_crack","volume":0.05}],"replace":true},"ambient.underwater.loop.additions.ultra_rare":{"sounds":[{"name":"ambient\/underwater\/additions\/animal2","volume":0.05},{"name":"ambient\/underwater\/additions\/dark1","volume":0.05},{"name":"ambient\/underwater\/additions\/dark2","volume":0.035},{"name":"ambient\/underwater\/additions\/dark3","volume":0.05},{"name":"ambient\/underwater\/additions\/dark4","volume":0.05}],"replace":true},"block.pointed_dripstone.drip_water":{"sounds":[{"name":"block\/pointed_dripstone\/drip_water1","volume":0.05},{"name":"block\/pointed_dripstone\/drip_water2","volume":0.05},{"name":"block\/pointed_dripstone\/drip_water3","volume":0.05},{"name":"block\/pointed_dripstone\/drip_water4","volume":0.05},{"name":"block\/pointed_dripstone\/drip_water5","volume":0.05},{"name":"block\/pointed_dripstone\/drip_water6","volume":0.05},{"name":"block\/pointed_dripstone\/drip_water7","volume":0.05},{"name":"block\/pointed_dripstone\/drip_water8","volume":0.05},{"name":"block\/pointed_dripstone\/drip_water9","volume":0.05},{"name":"block\/pointed_dripstone\/drip_water10","volume":0.05},{"name":"block\/pointed_dripstone\/drip_water11","volume":0.05},{"name":"block\/pointed_dripstone\/drip_water12","volume":0.05},{"name":"block\/pointed_dripstone\/drip_water13","volume":0.05},{"name":"block\/pointed_dripstone\/drip_water14","volume":0.05},{"name":"block\/pointed_dripstone\/drip_water15","volume":0.05}],"replace":true,"subtitle":"subtitles.block.pointed_dripstone.drip_water"},"block.pointed_dripstone.drip_water_into_cauldron":{"sounds":[{"name":"block\/pointed_dripstone\/drip_water_cauldron1","volume":0.05},{"name":"block\/pointed_dripstone\/drip_water_cauldron2","volume":0.05},{"name":"block\/pointed_dripstone\/drip_water_cauldron3","volume":0.05},{"name":"block\/pointed_dripstone\/drip_water_cauldron4","volume":0.05},{"name":"block\/pointed_dripstone\/drip_water_cauldron5","volume":0.05},{"name":"block\/pointed_dripstone\/drip_water_cauldron6","volume":0.05},{"name":"block\/pointed_dripstone\/drip_water_cauldron7","volume":0.05},{"name":"block\/pointed_dripstone\/drip_water_cauldron8","volume":0.05}],"replace":true,"subtitle":"subtitles.block.pointed_dripstone.drip_water_into_cauldron"},"block.water.ambient":{"sounds":[{"name":"liquid\/water","volume":0.05}],"replace":true,"subtitle":"subtitles.block.water.ambient"},"entity.player.swim":{"sounds":[{"name":"liquid\/swim5","volume":0.05},{"name":"liquid\/swim6","volume":0.05},{"name":"liquid\/swim7","volume":0.05},{"name":"liquid\/swim8","volume":0.05},{"name":"liquid\/swim9","volume":0.05},{"name":"liquid\/swim10","volume":0.05},{"name":"liquid\/swim11","volume":0.05},{"name":"liquid\/swim12","volume":0.05},{"name":"liquid\/swim13","volume":0.05},{"name":"liquid\/swim14","volume":0.05},{"name":"liquid\/swim15","volume":0.05},{"name":"liquid\/swim16","volume":0.05},{"name":"liquid\/swim17","volume":0.05},{"name":"liquid\/swim18","volume":0.05}],"replace":true,"subtitle":"subtitles.entity.generic.swim"},"block.portal.ambient":{"sounds":[{"attenuation_distance":10,"name":"portal\/portal","volume":0.05}],"replace":true,"subtitle":"subtitles.block.portal.ambient"},"block.portal.travel":{"sounds":[{"name":"portal\/travel","volume":0.05}],"replace":true},"block.portal.trigger":{"sounds":[{"name":"portal\/trigger","volume":0.05}],"replace":true,"subtitle":"subtitles.block.portal.trigger"},"block.dispenser.dispense":{"sounds":[{"name":"random\/click","volume":0.05}],"replace":true,"subtitle":"subtitles.block.dispenser.dispense"},"block.dispenser.fail":{"sounds":[{"name":"random\/click","volume":0.05}],"replace":true,"subtitle":"subtitles.block.dispenser.fail"},"block.dispenser.launch":{"sounds":[{"name":"random\/bow","volume":0.05}],"replace":true,"subtitle":"subtitles.block.dispenser.dispense"},"block.piston.contract":{"sounds":[{"name":"tile\/piston\/in","volume":0.05}],"replace":true,"subtitle":"subtitles.block.piston.move"},"block.piston.extend":{"sounds":[{"name":"tile\/piston\/out","volume":0.05}],"replace":true,"subtitle":"subtitles.block.piston.move"}}