{
    "id": "JUJUTSU_1.20.1",
    "time": "2024-01-13T20:47:33+00:00",
    "releaseTime": "2024-01-13T20:47:33+00:00",
    "type": "release",
    "mainClass": "cpw.mods.bootstraplauncher.BootstrapLauncher",
    "inheritsFrom": "1.20.1",
    "logging": {
    },
    "arguments": {
        "game": [
            "--launchTarget",
            "forgeclient",
            "--fml.forgeVersion",
            "47.2.20",
            "--fml.mcVersion",
            "1.20.1",
            "--fml.forgeGroup",
            "net.minecraftforge",
            "--fml.mcpVersion",
            "20230612.114412"
        ],
        "jvm": [
            "-Djava.net.preferIPv6Addresses=system",
            "-DignoreList=bootstraplauncher,securejarhandler,asm-commons,asm-util,asm-analysis,asm-tree,asm,JarJarFileSystems,client-extra,fmlcore,javafmllanguage,lowcodelanguage,mclanguage,forge-,${version_name}.jar",
            "-DmergeModules=jna-5.10.0.jar,jna-platform-5.10.0.jar",
            "-DlibraryDirectory=${library_directory}",
            "-p",
            "${library_directory}/cpw/mods/bootstraplauncher/1.1.2/bootstraplauncher-1.1.2.jar${classpath_separator}${library_directory}/cpw/mods/securejarhandler/2.1.10/securejarhandler-2.1.10.jar${classpath_separator}${library_directory}/org/ow2/asm/asm-commons/9.5/asm-commons-9.5.jar${classpath_separator}${library_directory}/org/ow2/asm/asm-util/9.5/asm-util-9.5.jar${classpath_separator}${library_directory}/org/ow2/asm/asm-analysis/9.5/asm-analysis-9.5.jar${classpath_separator}${library_directory}/org/ow2/asm/asm-tree/9.5/asm-tree-9.5.jar${classpath_separator}${library_directory}/org/ow2/asm/asm/9.5/asm-9.5.jar${classpath_separator}${library_directory}/net/minecraftforge/JarJarFileSystems/0.3.19/JarJarFileSystems-0.3.19.jar",
            "--add-modules",
            "ALL-MODULE-PATH",
            "--add-opens",
            "java.base/java.util.jar=cpw.mods.securejarhandler",
            "--add-opens",
            "java.base/java.lang.invoke=cpw.mods.securejarhandler",
            "--add-exports",
            "java.base/sun.security.util=cpw.mods.securejarhandler",
            "--add-exports",
            "jdk.naming.dns/com.sun.jndi.dns=java.naming"
        ]
    },
    "libraries": [
        {
            "name": "cpw.mods:securejarhandler:2.1.10",
            "downloads": {
                "artifact": {
                    "path": "cpw/mods/securejarhandler/2.1.10/securejarhandler-2.1.10.jar",
                    "url": "https://maven.minecraftforge.net/cpw/mods/securejarhandler/2.1.10/securejarhandler-2.1.10.jar",
                    "sha1": "51e6a22c6c716beb11e244bf5b8be480f51dd6b5",
                    "size": 88749
                }
            }
        },
        {
            "name": "org.ow2.asm:asm:9.5",
            "downloads": {
                "artifact": {
                    "path": "org/ow2/asm/asm/9.5/asm-9.5.jar",
                    "url": "https://maven.minecraftforge.net/org/ow2/asm/asm/9.5/asm-9.5.jar",
                    "sha1": "dc6ea1875f4d64fbc85e1691c95b96a3d8569c90",
                    "size": 121863
                }
            }
        },
        {
            "name": "org.ow2.asm:asm-commons:9.5",
            "downloads": {
                "artifact": {
                    "path": "org/ow2/asm/asm-commons/9.5/asm-commons-9.5.jar",
                    "url": "https://maven.minecraftforge.net/org/ow2/asm/asm-commons/9.5/asm-commons-9.5.jar",
                    "sha1": "19ab5b5800a3910d30d3a3e64fdb00fd0cb42de0",
                    "size": 72209
                }
            }
        },
        {
            "name": "org.ow2.asm:asm-tree:9.5",
            "downloads": {
                "artifact": {
                    "path": "org/ow2/asm/asm-tree/9.5/asm-tree-9.5.jar",
                    "url": "https://maven.minecraftforge.net/org/ow2/asm/asm-tree/9.5/asm-tree-9.5.jar",
                    "sha1": "fd33c8b6373abaa675be407082fdfda35021254a",
                    "size": 51944
                }
            }
        },
        {
            "name": "org.ow2.asm:asm-util:9.5",
            "downloads": {
                "artifact": {
                    "path": "org/ow2/asm/asm-util/9.5/asm-util-9.5.jar",
                    "url": "https://maven.minecraftforge.net/org/ow2/asm/asm-util/9.5/asm-util-9.5.jar",
                    "sha1": "64b5a1fc8c1b15ed2efd6a063e976bc8d3dc5ffe",
                    "size": 91076
                }
            }
        },
        {
            "name": "org.ow2.asm:asm-analysis:9.5",
            "downloads": {
                "artifact": {
                    "path": "org/ow2/asm/asm-analysis/9.5/asm-analysis-9.5.jar",
                    "url": "https://maven.minecraftforge.net/org/ow2/asm/asm-analysis/9.5/asm-analysis-9.5.jar",
                    "sha1": "490bacc77de7cbc0be1a30bb3471072d705be4a4",
                    "size": 33978
                }
            }
        },
        {
            "name": "net.minecraftforge:accesstransformers:8.0.4",
            "downloads": {
                "artifact": {
                    "path": "net/minecraftforge/accesstransformers/8.0.4/accesstransformers-8.0.4.jar",
                    "url": "https://maven.minecraftforge.net/net/minecraftforge/accesstransformers/8.0.4/accesstransformers-8.0.4.jar",
                    "sha1": "272d240aa73f42195b2a68e2ebd8b701ecf41f63",
                    "size": 77756
                }
            }
        },
        {
            "name": "org.antlr:antlr4-runtime:4.9.1",
            "downloads": {
                "artifact": {
                    "path": "org/antlr/antlr4-runtime/4.9.1/antlr4-runtime-4.9.1.jar",
                    "url": "https://maven.minecraftforge.net/org/antlr/antlr4-runtime/4.9.1/antlr4-runtime-4.9.1.jar",
                    "sha1": "428664f05d2b7f7b7610204b5aa7c1763f62011a",
                    "size": 337868
                }
            }
        },
        {
            "name": "net.minecraftforge:eventbus:6.0.5",
            "downloads": {
                "artifact": {
                    "path": "net/minecraftforge/eventbus/6.0.5/eventbus-6.0.5.jar",
                    "url": "https://maven.minecraftforge.net/net/minecraftforge/eventbus/6.0.5/eventbus-6.0.5.jar",
                    "sha1": "699143dd438431d06b57416944f7cedbe52e1475",
                    "size": 53985
                }
            }
        },
        {
            "name": "net.minecraftforge:forgespi:7.0.1",
            "downloads": {
                "artifact": {
                    "path": "net/minecraftforge/forgespi/7.0.1/forgespi-7.0.1.jar",
                    "url": "https://maven.minecraftforge.net/net/minecraftforge/forgespi/7.0.1/forgespi-7.0.1.jar",
                    "sha1": "3b4972a0cdb135853dba219be61a79b22cff1309",
                    "size": 29831
                }
            }
        },
        {
            "name": "net.minecraftforge:coremods:5.0.1",
            "downloads": {
                "artifact": {
                    "path": "net/minecraftforge/coremods/5.0.1/coremods-5.0.1.jar",
                    "url": "https://maven.minecraftforge.net/net/minecraftforge/coremods/5.0.1/coremods-5.0.1.jar",
                    "sha1": "386b00279628b105b2d507539c46e134e96f6237",
                    "size": 24199
                }
            }
        },
        {
            "name": "cpw.mods:modlauncher:10.0.9",
            "downloads": {
                "artifact": {
                    "path": "cpw/mods/modlauncher/10.0.9/modlauncher-10.0.9.jar",
                    "url": "https://maven.minecraftforge.net/cpw/mods/modlauncher/10.0.9/modlauncher-10.0.9.jar",
                    "sha1": "06d9443f56f50bb85cea383686ff9c867391458b",
                    "size": 130343
                }
            }
        },
        {
            "name": "net.minecraftforge:unsafe:0.2.0",
            "downloads": {
                "artifact": {
                    "path": "net/minecraftforge/unsafe/0.2.0/unsafe-0.2.0.jar",
                    "url": "https://maven.minecraftforge.net/net/minecraftforge/unsafe/0.2.0/unsafe-0.2.0.jar",
                    "sha1": "54d7a0a5e8fdb71b973025caa46f341ae5904f39",
                    "size": 2834
                }
            }
        },
        {
            "name": "net.minecraftforge:mergetool:1.1.5:api",
            "downloads": {
                "artifact": {
                    "path": "net/minecraftforge/mergetool/1.1.5/mergetool-1.1.5-api.jar",
                    "url": "https://maven.minecraftforge.net/net/minecraftforge/mergetool/1.1.5/mergetool-1.1.5-api.jar",
                    "sha1": "f3da18e12c696d35a47c82cbb2cc8b5aa15e1154",
                    "size": 2572
                }
            }
        },
        {
            "name": "com.electronwill.night-config:core:3.6.4",
            "downloads": {
                "artifact": {
                    "path": "com/electronwill/night-config/core/3.6.4/core-3.6.4.jar",
                    "url": "https://maven.minecraftforge.net/com/electronwill/night-config/core/3.6.4/core-3.6.4.jar",
                    "sha1": "510f174abbf1c947494db50ef2445683bd52c230",
                    "size": 199834
                }
            }
        },
        {
            "name": "com.electronwill.night-config:toml:3.6.4",
            "downloads": {
                "artifact": {
                    "path": "com/electronwill/night-config/toml/3.6.4/toml-3.6.4.jar",
                    "url": "https://maven.minecraftforge.net/com/electronwill/night-config/toml/3.6.4/toml-3.6.4.jar",
                    "sha1": "51d6cefb2b55ee55ee26b16391212fb2c7dfb4f4",
                    "size": 31816
                }
            }
        },
        {
            "name": "org.apache.maven:maven-artifact:3.8.5",
            "downloads": {
                "artifact": {
                    "path": "org/apache/maven/maven-artifact/3.8.5/maven-artifact-3.8.5.jar",
                    "url": "https://maven.minecraftforge.net/org/apache/maven/maven-artifact/3.8.5/maven-artifact-3.8.5.jar",
                    "sha1": "4433f50c07debefaed0553bd0068f4f48d449313",
                    "size": 58077
                }
            }
        },
        {
            "name": "net.jodah:typetools:0.6.3",
            "downloads": {
                "artifact": {
                    "path": "net/jodah/typetools/0.6.3/typetools-0.6.3.jar",
                    "url": "https://maven.minecraftforge.net/net/jodah/typetools/0.6.3/typetools-0.6.3.jar",
                    "sha1": "a01aaa6ddaea9ec07ec4f209487b7a46a526283a",
                    "size": 18281
                }
            }
        },
        {
            "name": "net.minecrell:terminalconsoleappender:1.2.0",
            "downloads": {
                "artifact": {
                    "path": "net/minecrell/terminalconsoleappender/1.2.0/terminalconsoleappender-1.2.0.jar",
                    "url": "https://maven.minecraftforge.net/net/minecrell/terminalconsoleappender/1.2.0/terminalconsoleappender-1.2.0.jar",
                    "sha1": "96d02cd3b384ff015a8fef4223bcb4ccf1717c95",
                    "size": 15977
                }
            }
        },
        {
            "name": "org.jline:jline-reader:3.12.1",
            "downloads": {
                "artifact": {
                    "path": "org/jline/jline-reader/3.12.1/jline-reader-3.12.1.jar",
                    "url": "https://maven.minecraftforge.net/org/jline/jline-reader/3.12.1/jline-reader-3.12.1.jar",
                    "sha1": "4382ab1382c7b6f379377ed5f665dc2f6e1218bc",
                    "size": 150765
                }
            }
        },
        {
            "name": "org.jline:jline-terminal:3.12.1",
            "downloads": {
                "artifact": {
                    "path": "org/jline/jline-terminal/3.12.1/jline-terminal-3.12.1.jar",
                    "url": "https://maven.minecraftforge.net/org/jline/jline-terminal/3.12.1/jline-terminal-3.12.1.jar",
                    "sha1": "c777448314e050d980a6b697c140f3bfe9eb7416",
                    "size": 211712
                }
            }
        },
        {
            "name": "org.spongepowered:mixin:0.8.5",
            "downloads": {
                "artifact": {
                    "path": "org/spongepowered/mixin/0.8.5/mixin-0.8.5.jar",
                    "url": "https://maven.minecraftforge.net/org/spongepowered/mixin/0.8.5/mixin-0.8.5.jar",
                    "sha1": "9d1c0c3a304ae6697ecd477218fa61b850bf57fc",
                    "size": 1089277
                }
            }
        },
        {
            "name": "org.openjdk.nashorn:nashorn-core:15.3",
            "downloads": {
                "artifact": {
                    "path": "org/openjdk/nashorn/nashorn-core/15.3/nashorn-core-15.3.jar",
                    "url": "https://maven.minecraftforge.net/org/openjdk/nashorn/nashorn-core/15.3/nashorn-core-15.3.jar",
                    "sha1": "43977e804697048fc8d81d333a36c17d07a5b3dd",
                    "size": 2167288
                }
            }
        },
        {
            "name": "net.minecraftforge:JarJarSelector:0.3.19",
            "downloads": {
                "artifact": {
                    "path": "net/minecraftforge/JarJarSelector/0.3.19/JarJarSelector-0.3.19.jar",
                    "url": "https://maven.minecraftforge.net/net/minecraftforge/JarJarSelector/0.3.19/JarJarSelector-0.3.19.jar",
                    "sha1": "376cc9c8ea60720cf027c01fc033de915699801c",
                    "size": 17374
                }
            }
        },
        {
            "name": "net.minecraftforge:JarJarMetadata:0.3.19",
            "downloads": {
                "artifact": {
                    "path": "net/minecraftforge/JarJarMetadata/0.3.19/JarJarMetadata-0.3.19.jar",
                    "url": "https://maven.minecraftforge.net/net/minecraftforge/JarJarMetadata/0.3.19/JarJarMetadata-0.3.19.jar",
                    "sha1": "0083feaa9b770e6ac0e96ee4fc23fa89325c5fe2",
                    "size": 15895
                }
            }
        },
        {
            "name": "cpw.mods:bootstraplauncher:1.1.2",
            "downloads": {
                "artifact": {
                    "path": "cpw/mods/bootstraplauncher/1.1.2/bootstraplauncher-1.1.2.jar",
                    "url": "https://maven.minecraftforge.net/cpw/mods/bootstraplauncher/1.1.2/bootstraplauncher-1.1.2.jar",
                    "sha1": "0c546e00443d8432cda6baa1c860346980742628",
                    "size": 8284
                }
            }
        },
        {
            "name": "net.minecraftforge:JarJarFileSystems:0.3.19",
            "downloads": {
                "artifact": {
                    "path": "net/minecraftforge/JarJarFileSystems/0.3.19/JarJarFileSystems-0.3.19.jar",
                    "url": "https://maven.minecraftforge.net/net/minecraftforge/JarJarFileSystems/0.3.19/JarJarFileSystems-0.3.19.jar",
                    "sha1": "2464eb7d6b9ddb9db36a82cf8a95193e5c6fe020",
                    "size": 32195
                }
            }
        },
        {
            "name": "net.minecraftforge:fmlloader:1.20.1-47.2.20",
            "downloads": {
                "artifact": {
                    "path": "net/minecraftforge/fmlloader/1.20.1-47.2.20/fmlloader-1.20.1-47.2.20.jar",
                    "url": "https://maven.minecraftforge.net/net/minecraftforge/fmlloader/1.20.1-47.2.20/fmlloader-1.20.1-47.2.20.jar",
                    "sha1": "d7a3c85dd7ed1d552bd655b4418df2b09a77c734",
                    "size": 264185
                }
            }
        },
        {
            "name": "net.minecraftforge:fmlearlydisplay:1.20.1-47.2.20",
            "downloads": {
                "artifact": {
                    "path": "net/minecraftforge/fmlearlydisplay/1.20.1-47.2.20/fmlearlydisplay-1.20.1-47.2.20.jar",
                    "url": "https://maven.minecraftforge.net/net/minecraftforge/fmlearlydisplay/1.20.1-47.2.20/fmlearlydisplay-1.20.1-47.2.20.jar",
                    "sha1": "87158515a05ca1bb416368e0698c3f1f4bd83832",
                    "size": 170553
                }
            }
        }
    ]
}